[
  {
    "id": "946ac142-221c-4184-a1cd-81d14c4db912",
    "data": [
      {
        "text": "Guess my ",
        "userDefined": false
      },
      {
        "text": "name",
        "meta": "@sys.ignore",
        "userDefined": false
      }
    ],
    "isTemplate": false,
    "count": 0,
    "updated": 0
  },
  {
    "id": "2ea1a9a6-010f-41c9-97b8-ad211fb5d83f",
    "data": [
      {
        "text": "What is my name",
        "userDefined": false
      }
    ],
    "isTemplate": false,
    "count": 0,
    "updated": 0
  },
  {
    "id": "484db646-3a83-48ea-8bf3-ba31051663b6",
    "data": [
      {
        "text": "Name",
        "meta": "@sys.ignore",
        "userDefined": true
      }
    ],
    "isTemplate": false,
    "count": 1,
    "updated": 0
  },
  {
    "id": "80a1cd28-c4d8-4607-97f9-394ea79ebde1",
    "data": [
      {
        "text": "My ",
        "userDefined": false
      },
      {
        "text": "name",
        "meta": "@sys.ignore",
        "userDefined": false
      }
    ],
    "isTemplate": false,
    "count": 0,
    "updated": 0
  }
]