[
  {
    "id": "24a49ba0-9d05-4501-a7d4-7f968cfe6fc3",
    "data": [
      {
        "text": "What is my location",
        "userDefined": false
      }
    ],
    "isTemplate": false,
    "count": 0,
    "updated": 0
  },
  {
    "id": "198db779-2abe-4575-a026-6eb71b389fb0",
    "data": [
      {
        "text": "Where am I",
        "userDefined": false
      }
    ],
    "isTemplate": false,
    "count": 0,
    "updated": 0
  },
  {
    "id": "78296bc5-1c0e-4458-8ddf-e43840233951",
    "data": [
      {
        "text": "Location",
        "userDefined": false
      }
    ],
    "isTemplate": false,
    "count": 0,
    "updated": 0
  },
  {
    "id": "3897cbf8-44f9-44cc-9717-f57990e6bdf7",
    "data": [
      {
        "text": "Guess where I am",
        "userDefined": false
      }
    ],
    "isTemplate": false,
    "count": 0,
    "updated": 0
  },
  {
    "id": "a9be6f31-2e64-4db1-8a3d-93a923a3f0ab",
    "data": [
      {
        "text": "Guess my location",
        "userDefined": false
      }
    ],
    "isTemplate": false,
    "count": 0,
    "updated": 0
  },
  {
    "id": "a6af517f-38f5-4ff2-a706-2e570159616f",
    "data": [
      {
        "text": "My location",
        "userDefined": false
      }
    ],
    "isTemplate": false,
    "count": 0,
    "updated": 0
  }
]