[
  {
    "id": "828aed19-5433-4452-8446-fb86310de425",
    "data": [
      {
        "text": "Guess my ",
        "userDefined": false
      },
      {
        "text": "name",
        "meta": "@sys.ignore",
        "userDefined": false
      }
    ],
    "isTemplate": false,
    "count": 0,
    "updated": 0
  },
  {
    "id": "5712df4b-965c-4777-8a99-6fdf9cfbbc19",
    "data": [
      {
        "text": "What is my name",
        "userDefined": false
      }
    ],
    "isTemplate": false,
    "count": 0,
    "updated": 0
  },
  {
    "id": "539d95c1-fa37-481d-9c80-0e1ba0ead347",
    "data": [
      {
        "text": "Name",
        "meta": "@sys.ignore",
        "userDefined": true
      }
    ],
    "isTemplate": false,
    "count": 1,
    "updated": 0
  },
  {
    "id": "c303bc7b-9ec9-4639-a0b0-10f994f8b51a",
    "data": [
      {
        "text": "My ",
        "userDefined": false
      },
      {
        "text": "name",
        "meta": "@sys.ignore",
        "userDefined": false
      }
    ],
    "isTemplate": false,
    "count": 0,
    "updated": 0
  }
]