[
  {
    "id": "84055b85-f6dd-4796-b00e-7291c4c9a0ca",
    "data": [
      {
        "text": "What is my location",
        "userDefined": false
      }
    ],
    "isTemplate": false,
    "count": 0,
    "updated": 0
  },
  {
    "id": "0b02266d-9fa4-44b3-91aa-37fbc80c01ef",
    "data": [
      {
        "text": "Where am I",
        "userDefined": false
      }
    ],
    "isTemplate": false,
    "count": 0,
    "updated": 0
  },
  {
    "id": "85af8fd1-0b0d-4008-9bcd-bdfb40617732",
    "data": [
      {
        "text": "Location",
        "userDefined": false
      }
    ],
    "isTemplate": false,
    "count": 0,
    "updated": 0
  },
  {
    "id": "37795c30-ac60-4609-833b-8aa34f4bae57",
    "data": [
      {
        "text": "Guess where I am",
        "userDefined": false
      }
    ],
    "isTemplate": false,
    "count": 0,
    "updated": 0
  },
  {
    "id": "2a940c0c-16d6-4f42-8b1f-576a2f394499",
    "data": [
      {
        "text": "Guess my location",
        "userDefined": false
      }
    ],
    "isTemplate": false,
    "count": 0,
    "updated": 0
  },
  {
    "id": "66385332-7b66-4e43-8676-1e2c39e99f06",
    "data": [
      {
        "text": "My location",
        "userDefined": false
      }
    ],
    "isTemplate": false,
    "count": 0,
    "updated": 0
  }
]